{"cameraMode":{"drawMode":0,"name":"Shaded","section":"Shading Mode"},"sceneLighting":true,"audioPlay":false,"sceneViewState":{"m_AlwaysRefresh":false,"showFog":true,"showSkybox":true,"showFlares":true,"showImageEffects":true,"showParticleSystems":true,"showVisualEffectGraphs":true,"m_FxEnabled":true},"in2DMode":false,"pivot":{"x":7.35684061050415,"y":47.27665710449219,"z":-72.53218841552735},"rotation":{"x":0.38621243834495547,"y":0.013781203888356686,"z":-0.0050922539085149769,"w":0.9229316711425781},"size":1.1119006872177125,"orthographic":false}